DELETE FROM `creature` WHERE id=35916;

DELETE FROM `creature` WHERE id=35505;

DELETE FROM `creature_template` WHERE `entry`=35118;
INSERT INTO `creature_template` (`entry`, `difficulty_entry_1`, `difficulty_entry_2`, `difficulty_entry_3`, `KillCredit1`, `KillCredit2`, `modelid1`, `modelid2`, `modelid3`, `modelid4`, `name`, `subname`, `IconName`, `gossip_menu_id`, `minlevel`, `maxlevel`, `exp`, `exp_unk`, `faction_A`, `faction_H`, `npcflag`, `speed_walk`, `speed_run`, `speed_swim`, `speed_fly`, `scale`, `rank`, `mindmg`, `maxdmg`, `dmgschool`, `attackpower`, `dmg_multiplier`, `baseattacktime`, `rangeattacktime`, `unit_class`, `unit_flags`, `unit_flags2`, `dynamicflags`, `family`, `trainer_type`, `trainer_spell`, `trainer_class`, `trainer_race`, `minrangedmg`, `maxrangedmg`, `rangedattackpower`, `type`, `type_flags`, `type_flags2`, `lootid`, `pickpocketloot`, `skinloot`, `resistance1`, `resistance2`, `resistance3`, `resistance4`, `resistance5`, `resistance6`, `spell1`, `spell2`, `spell3`, `spell4`, `spell5`, `spell6`, `spell7`, `spell8`, `PetSpellDataId`, `VehicleId`, `mingold`, `maxgold`, `currencyId`, `currencyCount`, `AIName`, `MovementType`, `InhabitType`, `HoverHeight`, `Health_mod`, `Mana_mod`, `Mana_mod_extra`, `Armor_mod`, `RacialLeader`, `questItem1`, `questItem2`, `questItem3`, `questItem4`, `questItem5`, `questItem6`, `movementId`, `RegenHealth`, `equipment_id`, `mechanic_immune_mask`, `flags_extra`, `ScriptName`, `WDBVerified`) VALUES (35118, 0, 0, 0, 44175, 0, 36772, 36771, 36770, 0, 'Bloodfang Worgen', '', '', 0, 2, 3, 0, 0, 2179, 2179, 2, 1, 1.14286, 1, 1.14286, 1, 0, 6, 9.775, 0, 28, 0.75, 2000, 2000, 1, 32768, 2048, 0, 0, 0, 0, 0, 0, 3.3, 7.225, 18, 7, 0, 0, 35118, 0, 0, 0, 0, 0, 0, 0, 0, 0, 0, 0, 0, 0, 0, 0, 0, 0, 0, 3, 3, NULL, NULL, 'SmartAI', 0, 3, 1, 1, 1, 1, 1, 0, 0, 0, 0, 0, 0, 0, 0, 1, 0, 0, 0, 'npc_bloodfang_worgen', 13623);

DELETE FROM `creature` WHERE id=35118;
INSERT INTO `creature` (`guid`, `id`, `map`, `zone`, `area`, `spawnMask`, `phaseMask`, `modelid`, `equipment_id`, `position_x`, `position_y`, `position_z`, `orientation`, `spawntimesecs`, `spawndist`, `currentwaypoint`, `curhealth`, `curmana`, `MovementType`, `npcflag`, `unit_flags`, `dynamicflags`, `walkmode`) VALUES (255329, 35118, 654, 4755, 4757, 1, 1028, 0, 0, -1702.21, 1390.89, 21.6689, 1.29139, 25, 5, 0, 55, 0, 1, 0, 0, 0, 0);
INSERT INTO `creature` (`guid`, `id`, `map`, `zone`, `area`, `spawnMask`, `phaseMask`, `modelid`, `equipment_id`, `position_x`, `position_y`, `position_z`, `orientation`, `spawntimesecs`, `spawndist`, `currentwaypoint`, `curhealth`, `curmana`, `MovementType`, `npcflag`, `unit_flags`, `dynamicflags`, `walkmode`) VALUES (255330, 35118, 654, 4755, 4757, 1, 1028, 0, 0, -1711.04, 1398.19, 21.6689, 0.165133, 25, 5, 0, 55, 0, 1, 0, 0, 0, 0);
INSERT INTO `creature` (`guid`, `id`, `map`, `zone`, `area`, `spawnMask`, `phaseMask`, `modelid`, `equipment_id`, `position_x`, `position_y`, `position_z`, `orientation`, `spawntimesecs`, `spawndist`, `currentwaypoint`, `curhealth`, `curmana`, `MovementType`, `npcflag`, `unit_flags`, `dynamicflags`, `walkmode`) VALUES (255331, 35118, 654, 4755, 4757, 1, 1028, 0, 0, -1722.14, 1413.63, 21.6689, 5.91582, 25, 5, 0, 55, 0, 1, 0, 0, 0, 0);
INSERT INTO `creature` (`guid`, `id`, `map`, `zone`, `area`, `spawnMask`, `phaseMask`, `modelid`, `equipment_id`, `position_x`, `position_y`, `position_z`, `orientation`, `spawntimesecs`, `spawndist`, `currentwaypoint`, `curhealth`, `curmana`, `MovementType`, `npcflag`, `unit_flags`, `dynamicflags`, `walkmode`) VALUES (255332, 35118, 654, 4755, 4757, 1, 1028, 0, 0, -1720, 1419.17, 21.6689, 5.91582, 25, 5, 0, 55, 0, 1, 0, 0, 0, 0);
INSERT INTO `creature` (`guid`, `id`, `map`, `zone`, `area`, `spawnMask`, `phaseMask`, `modelid`, `equipment_id`, `position_x`, `position_y`, `position_z`, `orientation`, `spawntimesecs`, `spawndist`, `currentwaypoint`, `curhealth`, `curmana`, `MovementType`, `npcflag`, `unit_flags`, `dynamicflags`, `walkmode`) VALUES (255333, 35118, 654, 4755, 4757, 1, 1028, 0, 0, -1732.2, 1414.76, 21.6689, 0.636371, 25, 5, 0, 55, 0, 1, 0, 0, 0, 0);
INSERT INTO `creature` (`guid`, `id`, `map`, `zone`, `area`, `spawnMask`, `phaseMask`, `modelid`, `equipment_id`, `position_x`, `position_y`, `position_z`, `orientation`, `spawntimesecs`, `spawndist`, `currentwaypoint`, `curhealth`, `curmana`, `MovementType`, `npcflag`, `unit_flags`, `dynamicflags`, `walkmode`) VALUES (255334, 35118, 654, 4755, 4757, 1, 1028, 0, 0, -1729.51, 1405.37, 21.6689, 0.636371, 25, 5, 0, 71, 0, 1, 0, 0, 0, 0);
INSERT INTO `creature` (`guid`, `id`, `map`, `zone`, `area`, `spawnMask`, `phaseMask`, `modelid`, `equipment_id`, `position_x`, `position_y`, `position_z`, `orientation`, `spawntimesecs`, `spawndist`, `currentwaypoint`, `curhealth`, `curmana`, `MovementType`, `npcflag`, `unit_flags`, `dynamicflags`, `walkmode`) VALUES (255335, 35118, 654, 4755, 4757, 1, 1028, 0, 0, -1729.56, 1392.84, 21.1387, 0.636371, 25, 5, 0, 55, 0, 1, 0, 0, 0, 0);
INSERT INTO `creature` (`guid`, `id`, `map`, `zone`, `area`, `spawnMask`, `phaseMask`, `modelid`, `equipment_id`, `position_x`, `position_y`, `position_z`, `orientation`, `spawntimesecs`, `spawndist`, `currentwaypoint`, `curhealth`, `curmana`, `MovementType`, `npcflag`, `unit_flags`, `dynamicflags`, `walkmode`) VALUES (255336, 35118, 654, 4755, 4757, 1, 1028, 0, 0, -1752.81, 1396.97, 19.7821, 1.55607, 25, 5, 0, 71, 0, 1, 0, 0, 0, 0);
INSERT INTO `creature` (`guid`, `id`, `map`, `zone`, `area`, `spawnMask`, `phaseMask`, `modelid`, `equipment_id`, `position_x`, `position_y`, `position_z`, `orientation`, `spawntimesecs`, `spawndist`, `currentwaypoint`, `curhealth`, `curmana`, `MovementType`, `npcflag`, `unit_flags`, `dynamicflags`, `walkmode`) VALUES (255337, 35118, 654, 4755, 4757, 1, 1028, 0, 0, -1746.81, 1386.53, 19.7837, 1.55607, 25, 5, 0, 71, 0, 1, 0, 0, 0, 0);
INSERT INTO `creature` (`guid`, `id`, `map`, `zone`, `area`, `spawnMask`, `phaseMask`, `modelid`, `equipment_id`, `position_x`, `position_y`, `position_z`, `orientation`, `spawntimesecs`, `spawndist`, `currentwaypoint`, `curhealth`, `curmana`, `MovementType`, `npcflag`, `unit_flags`, `dynamicflags`, `walkmode`) VALUES (255338, 35118, 654, 4755, 4757, 1, 1028, 0, 0, -1741.16, 1381.01, 20.0161, 1.55607, 25, 5, 0, 55, 0, 1, 0, 0, 0, 0);
INSERT INTO `creature` (`guid`, `id`, `map`, `zone`, `area`, `spawnMask`, `phaseMask`, `modelid`, `equipment_id`, `position_x`, `position_y`, `position_z`, `orientation`, `spawntimesecs`, `spawndist`, `currentwaypoint`, `curhealth`, `curmana`, `MovementType`, `npcflag`, `unit_flags`, `dynamicflags`, `walkmode`) VALUES (255339, 35118, 654, 4755, 4757, 1, 1028, 0, 0, -1745.89, 1366.07, 19.8259, 1.09662, 25, 5, 0, 55, 0, 1, 0, 0, 0, 0);
INSERT INTO `creature` (`guid`, `id`, `map`, `zone`, `area`, `spawnMask`, `phaseMask`, `modelid`, `equipment_id`, `position_x`, `position_y`, `position_z`, `orientation`, `spawntimesecs`, `spawndist`, `currentwaypoint`, `curhealth`, `curmana`, `MovementType`, `npcflag`, `unit_flags`, `dynamicflags`, `walkmode`) VALUES (255341, 35118, 654, 4755, 4757, 1, 1028, 0, 0, -1755.22, 1377.84, 19.7505, 0.208329, 25, 5, 0, 71, 0, 1, 0, 0, 0, 0);
INSERT INTO `creature` (`guid`, `id`, `map`, `zone`, `area`, `spawnMask`, `phaseMask`, `modelid`, `equipment_id`, `position_x`, `position_y`, `position_z`, `orientation`, `spawntimesecs`, `spawndist`, `currentwaypoint`, `curhealth`, `curmana`, `MovementType`, `npcflag`, `unit_flags`, `dynamicflags`, `walkmode`) VALUES (255342, 35118, 654, 4755, 4757, 1, 1028, 0, 0, -1762.75, 1380.29, 19.7506, 0.208329, 25, 5, 0, 55, 0, 1, 0, 0, 0, 0);
INSERT INTO `creature` (`guid`, `id`, `map`, `zone`, `area`, `spawnMask`, `phaseMask`, `modelid`, `equipment_id`, `position_x`, `position_y`, `position_z`, `orientation`, `spawntimesecs`, `spawndist`, `currentwaypoint`, `curhealth`, `curmana`, `MovementType`, `npcflag`, `unit_flags`, `dynamicflags`, `walkmode`) VALUES (255343, 35118, 654, 4755, 4757, 1, 1028, 0, 0, -1779.32, 1375.32, 19.6804, 2.06972, 25, 5, 0, 55, 0, 1, 0, 0, 0, 0);
INSERT INTO `creature` (`guid`, `id`, `map`, `zone`, `area`, `spawnMask`, `phaseMask`, `modelid`, `equipment_id`, `position_x`, `position_y`, `position_z`, `orientation`, `spawntimesecs`, `spawndist`, `currentwaypoint`, `curhealth`, `curmana`, `MovementType`, `npcflag`, `unit_flags`, `dynamicflags`, `walkmode`) VALUES (255344, 35118, 654, 4755, 4757, 1, 1028, 0, 0, -1786.81, 1363.02, 19.7693, 2.06972, 25, 5, 0, 55, 0, 1, 0, 0, 0, 0);
INSERT INTO `creature` (`guid`, `id`, `map`, `zone`, `area`, `spawnMask`, `phaseMask`, `modelid`, `equipment_id`, `position_x`, `position_y`, `position_z`, `orientation`, `spawntimesecs`, `spawndist`, `currentwaypoint`, `curhealth`, `curmana`, `MovementType`, `npcflag`, `unit_flags`, `dynamicflags`, `walkmode`) VALUES (255345, 35118, 654, 4755, 4757, 1, 1028, 0, 0, -1776.08, 1368.87, 19.7878, 2.06972, 25, 5, 0, 55, 0, 1, 0, 0, 0, 0);
INSERT INTO `creature` (`guid`, `id`, `map`, `zone`, `area`, `spawnMask`, `phaseMask`, `modelid`, `equipment_id`, `position_x`, `position_y`, `position_z`, `orientation`, `spawntimesecs`, `spawndist`, `currentwaypoint`, `curhealth`, `curmana`, `MovementType`, `npcflag`, `unit_flags`, `dynamicflags`, `walkmode`) VALUES (255346, 35118, 654, 4755, 4757, 1, 1028, 0, 0, -1765.19, 1366.85, 19.7429, 2.06972, 25, 5, 0, 55, 0, 1, 0, 0, 0, 0);
INSERT INTO `creature` (`guid`, `id`, `map`, `zone`, `area`, `spawnMask`, `phaseMask`, `modelid`, `equipment_id`, `position_x`, `position_y`, `position_z`, `orientation`, `spawntimesecs`, `spawndist`, `currentwaypoint`, `curhealth`, `curmana`, `MovementType`, `npcflag`, `unit_flags`, `dynamicflags`, `walkmode`) VALUES (255347, 35118, 654, 4755, 4757, 1, 1028, 0, 0, -1765.85, 1354.32, 19.8888, 1.33223, 25, 5, 0, 55, 0, 1, 0, 0, 0, 0);
INSERT INTO `creature` (`guid`, `id`, `map`, `zone`, `area`, `spawnMask`, `phaseMask`, `modelid`, `equipment_id`, `position_x`, `position_y`, `position_z`, `orientation`, `spawntimesecs`, `spawndist`, `currentwaypoint`, `curhealth`, `curmana`, `MovementType`, `npcflag`, `unit_flags`, `dynamicflags`, `walkmode`) VALUES (255348, 35118, 654, 4755, 4757, 1, 1028, 0, 0, -1774.12, 1349.28, 19.8072, 1.33223, 25, 5, 0, 71, 0, 1, 0, 0, 0, 0);
INSERT INTO `creature` (`guid`, `id`, `map`, `zone`, `area`, `spawnMask`, `phaseMask`, `modelid`, `equipment_id`, `position_x`, `position_y`, `position_z`, `orientation`, `spawntimesecs`, `spawndist`, `currentwaypoint`, `curhealth`, `curmana`, `MovementType`, `npcflag`, `unit_flags`, `dynamicflags`, `walkmode`) VALUES (255349, 35118, 654, 4755, 4757, 1, 1028, 0, 0, -1764.91, 1341.49, 19.786, 2.86847, 25, 5, 0, 71, 0, 1, 0, 0, 0, 0);
INSERT INTO `creature` (`guid`, `id`, `map`, `zone`, `area`, `spawnMask`, `phaseMask`, `modelid`, `equipment_id`, `position_x`, `position_y`, `position_z`, `orientation`, `spawntimesecs`, `spawndist`, `currentwaypoint`, `curhealth`, `curmana`, `MovementType`, `npcflag`, `unit_flags`, `dynamicflags`, `walkmode`) VALUES (255350, 35118, 654, 4755, 4757, 1, 1028, 0, 0, -1750.88, 1339.74, 19.8479, 1.78698, 25, 5, 0, 55, 0, 1, 0, 0, 0, 0);
INSERT INTO `creature` (`guid`, `id`, `map`, `zone`, `area`, `spawnMask`, `phaseMask`, `modelid`, `equipment_id`, `position_x`, `position_y`, `position_z`, `orientation`, `spawntimesecs`, `spawndist`, `currentwaypoint`, `curhealth`, `curmana`, `MovementType`, `npcflag`, `unit_flags`, `dynamicflags`, `walkmode`) VALUES (255351, 35118, 654, 4755, 4757, 1, 1028, 0, 0, -1752.36, 1328.08, 19.7868, 1.78698, 25, 5, 0, 71, 0, 1, 0, 0, 0, 0);
INSERT INTO `creature` (`guid`, `id`, `map`, `zone`, `area`, `spawnMask`, `phaseMask`, `modelid`, `equipment_id`, `position_x`, `position_y`, `position_z`, `orientation`, `spawntimesecs`, `spawndist`, `currentwaypoint`, `curhealth`, `curmana`, `MovementType`, `npcflag`, `unit_flags`, `dynamicflags`, `walkmode`) VALUES (255352, 35118, 654, 4755, 4757, 1, 1028, 0, 0, -1739.56, 1328.41, 19.6873, 3.24075, 25, 5, 0, 71, 0, 1, 0, 0, 0, 0);
INSERT INTO `creature` (`guid`, `id`, `map`, `zone`, `area`, `spawnMask`, `phaseMask`, `modelid`, `equipment_id`, `position_x`, `position_y`, `position_z`, `orientation`, `spawntimesecs`, `spawndist`, `currentwaypoint`, `curhealth`, `curmana`, `MovementType`, `npcflag`, `unit_flags`, `dynamicflags`, `walkmode`) VALUES (255353, 35118, 654, 4755, 4757, 1, 1028, 0, 0, -1735.11, 1342.94, 19.7727, 3.78268, 25, 5, 0, 55, 0, 1, 0, 0, 0, 0);
INSERT INTO `creature` (`guid`, `id`, `map`, `zone`, `area`, `spawnMask`, `phaseMask`, `modelid`, `equipment_id`, `position_x`, `position_y`, `position_z`, `orientation`, `spawntimesecs`, `spawndist`, `currentwaypoint`, `curhealth`, `curmana`, `MovementType`, `npcflag`, `unit_flags`, `dynamicflags`, `walkmode`) VALUES (255354, 35118, 654, 4755, 4757, 1, 1028, 0, 0, -1716.79, 1346.77, 19.6065, 3.13944, 25, 5, 0, 55, 0, 1, 0, 0, 0, 0);
INSERT INTO `creature` (`guid`, `id`, `map`, `zone`, `area`, `spawnMask`, `phaseMask`, `modelid`, `equipment_id`, `position_x`, `position_y`, `position_z`, `orientation`, `spawntimesecs`, `spawndist`, `currentwaypoint`, `curhealth`, `curmana`, `MovementType`, `npcflag`, `unit_flags`, `dynamicflags`, `walkmode`) VALUES (255355, 35118, 654, 4755, 4757, 1, 1028, 0, 0, -1685.27, 1330.16, 15.4406, 2.48756, 25, 5, 0, 55, 0, 1, 0, 0, 0, 0);
INSERT INTO `creature` (`guid`, `id`, `map`, `zone`, `area`, `spawnMask`, `phaseMask`, `modelid`, `equipment_id`, `position_x`, `position_y`, `position_z`, `orientation`, `spawntimesecs`, `spawndist`, `currentwaypoint`, `curhealth`, `curmana`, `MovementType`, `npcflag`, `unit_flags`, `dynamicflags`, `walkmode`) VALUES (255356, 35118, 654, 4755, 4757, 1, 1028, 0, 0, -1691.35, 1337.9, 15.135, 3.61067, 25, 5, 0, 55, 0, 1, 0, 0, 0, 0);
INSERT INTO `creature` (`guid`, `id`, `map`, `zone`, `area`, `spawnMask`, `phaseMask`, `modelid`, `equipment_id`, `position_x`, `position_y`, `position_z`, `orientation`, `spawntimesecs`, `spawndist`, `currentwaypoint`, `curhealth`, `curmana`, `MovementType`, `npcflag`, `unit_flags`, `dynamicflags`, `walkmode`) VALUES (255357, 35118, 654, 4755, 4757, 1, 1028, 0, 0, -1689.58, 1354.97, 15.135, 4.83511, 25, 5, 0, 55, 0, 1, 0, 0, 0, 0);
INSERT INTO `creature` (`guid`, `id`, `map`, `zone`, `area`, `spawnMask`, `phaseMask`, `modelid`, `equipment_id`, `position_x`, `position_y`, `position_z`, `orientation`, `spawntimesecs`, `spawndist`, `currentwaypoint`, `curhealth`, `curmana`, `MovementType`, `npcflag`, `unit_flags`, `dynamicflags`, `walkmode`) VALUES (255358, 35118, 654, 4755, 4757, 1, 1028, 0, 0, -1706.2, 1353.91, 19.896, 6.22212, 25, 5, 0, 71, 0, 1, 0, 0, 0, 0);
INSERT INTO `creature` (`guid`, `id`, `map`, `zone`, `area`, `spawnMask`, `phaseMask`, `modelid`, `equipment_id`, `position_x`, `position_y`, `position_z`, `orientation`, `spawntimesecs`, `spawndist`, `currentwaypoint`, `curhealth`, `curmana`, `MovementType`, `npcflag`, `unit_flags`, `dynamicflags`, `walkmode`) VALUES (255359, 35118, 654, 4755, 4757, 1, 1028, 0, 0, -1716.49, 1360.44, 19.7534, 5.83099, 25, 5, 0, 71, 0, 1, 0, 0, 0, 0);
INSERT INTO `creature` (`guid`, `id`, `map`, `zone`, `area`, `spawnMask`, `phaseMask`, `modelid`, `equipment_id`, `position_x`, `position_y`, `position_z`, `orientation`, `spawntimesecs`, `spawndist`, `currentwaypoint`, `curhealth`, `curmana`, `MovementType`, `npcflag`, `unit_flags`, `dynamicflags`, `walkmode`) VALUES (255360, 35118, 654, 4755, 4757, 1, 2, 0, 0, -1738.54, 1379.45, 19.8875, 0.673359, 25, 5, 0, 1, 0, 1, 0, 0, 0, 0);
INSERT INTO `creature` (`guid`, `id`, `map`, `zone`, `area`, `spawnMask`, `phaseMask`, `modelid`, `equipment_id`, `position_x`, `position_y`, `position_z`, `orientation`, `spawntimesecs`, `spawndist`, `currentwaypoint`, `curhealth`, `curmana`, `MovementType`, `npcflag`, `unit_flags`, `dynamicflags`, `walkmode`) VALUES (255361, 35118, 654, 4755, 4757, 1, 2, 0, 0, -1661.01, 1345.21, 15.2599, 3.37832, 25, 5, 0, 1, 0, 1, 0, 0, 0, 0);
INSERT INTO `creature` (`guid`, `id`, `map`, `zone`, `area`, `spawnMask`, `phaseMask`, `modelid`, `equipment_id`, `position_x`, `position_y`, `position_z`, `orientation`, `spawntimesecs`, `spawndist`, `currentwaypoint`, `curhealth`, `curmana`, `MovementType`, `npcflag`, `unit_flags`, `dynamicflags`, `walkmode`) VALUES (255362, 35118, 654, 4755, 4757, 1, 2, 0, 0, -1656.25, 1382.81, 15.2599, 5.96162, 25, 5, 0, 1, 0, 1, 0, 0, 0, 0);
INSERT INTO `creature` (`guid`, `id`, `map`, `zone`, `area`, `spawnMask`, `phaseMask`, `modelid`, `equipment_id`, `position_x`, `position_y`, `position_z`, `orientation`, `spawntimesecs`, `spawndist`, `currentwaypoint`, `curhealth`, `curmana`, `MovementType`, `npcflag`, `unit_flags`, `dynamicflags`, `walkmode`) VALUES (255363, 35118, 654, 4755, 4762, 1, 2, 0, 0, -1724.39, 1449.83, 52.2858, 3.62877, 25, 5, 0, 1, 0, 1, 0, 0, 0, 0);
INSERT INTO `creature` (`guid`, `id`, `map`, `zone`, `area`, `spawnMask`, `phaseMask`, `modelid`, `equipment_id`, `position_x`, `position_y`, `position_z`, `orientation`, `spawntimesecs`, `spawndist`, `currentwaypoint`, `curhealth`, `curmana`, `MovementType`, `npcflag`, `unit_flags`, `dynamicflags`, `walkmode`) VALUES (255364, 35118, 654, 4755, 4757, 1, 2, 0, 0, -1704.45, 1406.73, 21.7936, 5.79248, 25, 5, 0, 1, 0, 1, 0, 0, 0, 0);
INSERT INTO `creature` (`guid`, `id`, `map`, `zone`, `area`, `spawnMask`, `phaseMask`, `modelid`, `equipment_id`, `position_x`, `position_y`, `position_z`, `orientation`, `spawntimesecs`, `spawndist`, `currentwaypoint`, `curhealth`, `curmana`, `MovementType`, `npcflag`, `unit_flags`, `dynamicflags`, `walkmode`) VALUES (255365, 35118, 654, 4755, 4757, 1, 2, 0, 0, -1702.26, 1424.38, 21.7936, 0.41193, 25, 5, 0, 1, 0, 1, 0, 0, 0, 0);
INSERT INTO `creature` (`guid`, `id`, `map`, `zone`, `area`, `spawnMask`, `phaseMask`, `modelid`, `equipment_id`, `position_x`, `position_y`, `position_z`, `orientation`, `spawntimesecs`, `spawndist`, `currentwaypoint`, `curhealth`, `curmana`, `MovementType`, `npcflag`, `unit_flags`, `dynamicflags`, `walkmode`) VALUES (255366, 35118, 654, 4755, 4762, 1, 2, 0, 0, -1739.96, 1419.39, 22.9509, 5.89679, 25, 5, 0, 1, 0, 1, 0, 0, 0, 0);
INSERT INTO `creature` (`guid`, `id`, `map`, `zone`, `area`, `spawnMask`, `phaseMask`, `modelid`, `equipment_id`, `position_x`, `position_y`, `position_z`, `orientation`, `spawntimesecs`, `spawndist`, `currentwaypoint`, `curhealth`, `curmana`, `MovementType`, `npcflag`, `unit_flags`, `dynamicflags`, `walkmode`) VALUES (255452, 35118, 654, 4755, 4757, 1, 2, 0, 0, -1738.74, 1389.16, 19.7822, 1.20432, 25, 5, 0, 1, 0, 1, 0, 0, 0, 0);
INSERT INTO `creature` (`guid`, `id`, `map`, `zone`, `area`, `spawnMask`, `phaseMask`, `modelid`, `equipment_id`, `position_x`, `position_y`, `position_z`, `orientation`, `spawntimesecs`, `spawndist`, `currentwaypoint`, `curhealth`, `curmana`, `MovementType`, `npcflag`, `unit_flags`, `dynamicflags`, `walkmode`) VALUES (255451, 35118, 654, 4755, 4762, 1, 2, 0, 0, -1740.86, 1433.92, 52.296, 3.89895, 25, 5, 0, 1, 0, 1, 0, 0, 0, 0);
INSERT INTO `creature` (`guid`, `id`, `map`, `zone`, `area`, `spawnMask`, `phaseMask`, `modelid`, `equipment_id`, `position_x`, `position_y`, `position_z`, `orientation`, `spawntimesecs`, `spawndist`, `currentwaypoint`, `curhealth`, `curmana`, `MovementType`, `npcflag`, `unit_flags`, `dynamicflags`, `walkmode`) VALUES (255450, 35118, 654, 4755, 4757, 1, 2, 0, 0, -1795.49, 1465.7, 56.3289, 0.0340617, 25, 5, 0, 1, 0, 1, 0, 0, 0, 0);
INSERT INTO `creature` (`guid`, `id`, `map`, `zone`, `area`, `spawnMask`, `phaseMask`, `modelid`, `equipment_id`, `position_x`, `position_y`, `position_z`, `orientation`, `spawntimesecs`, `spawndist`, `currentwaypoint`, `curhealth`, `curmana`, `MovementType`, `npcflag`, `unit_flags`, `dynamicflags`, `walkmode`) VALUES (255449, 35118, 654, 4755, 4757, 1, 2, 0, 0, -1747.24, 1489.73, 56.7328, 4.88357, 25, 5, 0, 1, 0, 1, 0, 0, 0, 0);
INSERT INTO `creature` (`guid`, `id`, `map`, `zone`, `area`, `spawnMask`, `phaseMask`, `modelid`, `equipment_id`, `position_x`, `position_y`, `position_z`, `orientation`, `spawntimesecs`, `spawndist`, `currentwaypoint`, `curhealth`, `curmana`, `MovementType`, `npcflag`, `unit_flags`, `dynamicflags`, `walkmode`) VALUES (255447, 35118, 654, 4755, 4757, 1, 2, 0, 0, -1672.72, 1364.05, 15.1352, 0.4054, 25, 5, 0, 1, 0, 1, 0, 0, 0, 0);
INSERT INTO `creature` (`guid`, `id`, `map`, `zone`, `area`, `spawnMask`, `phaseMask`, `modelid`, `equipment_id`, `position_x`, `position_y`, `position_z`, `orientation`, `spawntimesecs`, `spawndist`, `currentwaypoint`, `curhealth`, `curmana`, `MovementType`, `npcflag`, `unit_flags`, `dynamicflags`, `walkmode`) VALUES (255446, 35118, 654, 4755, 4757, 1, 2, 0, 0, -1733.62, 1396.57, 21.0873, 3.89194, 25, 5, 0, 1, 0, 1, 0, 0, 0, 0);
INSERT INTO `creature` (`guid`, `id`, `map`, `zone`, `area`, `spawnMask`, `phaseMask`, `modelid`, `equipment_id`, `position_x`, `position_y`, `position_z`, `orientation`, `spawntimesecs`, `spawndist`, `currentwaypoint`, `curhealth`, `curmana`, `MovementType`, `npcflag`, `unit_flags`, `dynamicflags`, `walkmode`) VALUES (255445, 35118, 654, 4755, 4757, 1, 1028, 0, 0, -1697.29, 1402.39, 21.6689, 3.39076, 25, 5, 0, 71, 0, 1, 0, 0, 0, 0);



UPDATE `creature_template` SET `AIName`='0' WHERE `entry`=38420;
DELETE FROM `smart_scripts` WHERE entryorguid=38420;

DELETE FROM `smart_scripts` WHERE entryorguid=38210;
INSERT INTO `smart_scripts` (`entryorguid`, `source_type`, `id`, `link`, `event_type`, `event_phase_mask`, `event_chance`, `event_flags`, `event_param1`, `event_param2`, `event_param3`, `event_param4`, `action_type`, `action_param1`, `action_param2`, `action_param3`, `action_param4`, `action_param5`, `action_param6`, `target_type`, `target_param1`, `target_param2`, `target_param3`, `target_x`, `target_y`, `target_z`, `target_o`, `comment`) VALUES (38210, 0, 0, 1, 4, 0, 100, 1, 0, 0, 0, 0, 21, 0, 0, 0, 0, 0, 0, 1, 0, 0, 0, 0, 0, 0, 0, 'Stop Moving on Aggro');
INSERT INTO `smart_scripts` (`entryorguid`, `source_type`, `id`, `link`, `event_type`, `event_phase_mask`, `event_chance`, `event_flags`, `event_param1`, `event_param2`, `event_param3`, `event_param4`, `action_type`, `action_param1`, `action_param2`, `action_param3`, `action_param4`, `action_param5`, `action_param6`, `target_type`, `target_param1`, `target_param2`, `target_param3`, `target_x`, `target_y`, `target_z`, `target_o`, `comment`) VALUES (38210, 0, 1, 2, 61, 0, 100, 1, 0, 0, 0, 0, 11, 6660, 0, 0, 0, 0, 0, 2, 0, 0, 0, 0, 0, 0, 0, 'Cast Shoot on Aggro');
INSERT INTO `smart_scripts` (`entryorguid`, `source_type`, `id`, `link`, `event_type`, `event_phase_mask`, `event_chance`, `event_flags`, `event_param1`, `event_param2`, `event_param3`, `event_param4`, `action_type`, `action_param1`, `action_param2`, `action_param3`, `action_param4`, `action_param5`, `action_param6`, `target_type`, `target_param1`, `target_param2`, `target_param3`, `target_x`, `target_y`, `target_z`, `target_o`, `comment`) VALUES (38210, 0, 2, 3, 61, 0, 100, 1, 0, 0, 0, 0, 20, 0, 0, 0, 0, 0, 0, 1, 0, 0, 0, 0, 0, 0, 0, 'Stop Melee Attack on Aggro');
INSERT INTO `smart_scripts` (`entryorguid`, `source_type`, `id`, `link`, `event_type`, `event_phase_mask`, `event_chance`, `event_flags`, `event_param1`, `event_param2`, `event_param3`, `event_param4`, `action_type`, `action_param1`, `action_param2`, `action_param3`, `action_param4`, `action_param5`, `action_param6`, `target_type`, `target_param1`, `target_param2`, `target_param3`, `target_x`, `target_y`, `target_z`, `target_o`, `comment`) VALUES (38210, 0, 3, 0, 61, 0, 100, 1, 0, 0, 0, 0, 22, 1, 0, 0, 0, 0, 0, 1, 0, 0, 0, 0, 0, 0, 0, 'Set Phase 1 on Aggro');
INSERT INTO `smart_scripts` (`entryorguid`, `source_type`, `id`, `link`, `event_type`, `event_phase_mask`, `event_chance`, `event_flags`, `event_param1`, `event_param2`, `event_param3`, `event_param4`, `action_type`, `action_param1`, `action_param2`, `action_param3`, `action_param4`, `action_param5`, `action_param6`, `target_type`, `target_param1`, `target_param2`, `target_param3`, `target_x`, `target_y`, `target_z`, `target_o`, `comment`) VALUES (38210, 0, 4, 5, 9, 1, 100, 0, 5, 30, 2300, 3900, 11, 6660, 0, 0, 0, 0, 0, 2, 0, 0, 0, 0, 0, 0, 0, 'Cast Shoot');
INSERT INTO `smart_scripts` (`entryorguid`, `source_type`, `id`, `link`, `event_type`, `event_phase_mask`, `event_chance`, `event_flags`, `event_param1`, `event_param2`, `event_param3`, `event_param4`, `action_type`, `action_param1`, `action_param2`, `action_param3`, `action_param4`, `action_param5`, `action_param6`, `target_type`, `target_param1`, `target_param2`, `target_param3`, `target_x`, `target_y`, `target_z`, `target_o`, `comment`) VALUES (38210, 0, 5, 0, 61, 1, 100, 0, 0, 0, 0, 0, 40, 2, 0, 0, 0, 0, 0, 1, 0, 0, 0, 0, 0, 0, 0, 'Set Ranged Weapon Model');
INSERT INTO `smart_scripts` (`entryorguid`, `source_type`, `id`, `link`, `event_type`, `event_phase_mask`, `event_chance`, `event_flags`, `event_param1`, `event_param2`, `event_param3`, `event_param4`, `action_type`, `action_param1`, `action_param2`, `action_param3`, `action_param4`, `action_param5`, `action_param6`, `target_type`, `target_param1`, `target_param2`, `target_param3`, `target_x`, `target_y`, `target_z`, `target_o`, `comment`) VALUES (38210, 0, 6, 7, 9, 1, 100, 0, 30, 80, 0, 0, 21, 1, 0, 0, 0, 0, 0, 1, 0, 0, 0, 0, 0, 0, 0, 'Start Moving when not in Shoot Range');
INSERT INTO `smart_scripts` (`entryorguid`, `source_type`, `id`, `link`, `event_type`, `event_phase_mask`, `event_chance`, `event_flags`, `event_param1`, `event_param2`, `event_param3`, `event_param4`, `action_type`, `action_param1`, `action_param2`, `action_param3`, `action_param4`, `action_param5`, `action_param6`, `target_type`, `target_param1`, `target_param2`, `target_param3`, `target_x`, `target_y`, `target_z`, `target_o`, `comment`) VALUES (38210, 0, 7, 0, 61, 1, 100, 0, 0, 0, 0, 0, 20, 1, 0, 0, 0, 0, 0, 1, 0, 0, 0, 0, 0, 0, 0, 'Start Melee Attack when not in Shoot Range');
INSERT INTO `smart_scripts` (`entryorguid`, `source_type`, `id`, `link`, `event_type`, `event_phase_mask`, `event_chance`, `event_flags`, `event_param1`, `event_param2`, `event_param3`, `event_param4`, `action_type`, `action_param1`, `action_param2`, `action_param3`, `action_param4`, `action_param5`, `action_param6`, `target_type`, `target_param1`, `target_param2`, `target_param3`, `target_x`, `target_y`, `target_z`, `target_o`, `comment`) VALUES (38210, 0, 8, 9, 9, 1, 100, 0, 0, 10, 0, 0, 21, 1, 0, 0, 0, 0, 0, 1, 0, 0, 0, 0, 0, 0, 0, 'Start Moving when not in Shoot Range');
INSERT INTO `smart_scripts` (`entryorguid`, `source_type`, `id`, `link`, `event_type`, `event_phase_mask`, `event_chance`, `event_flags`, `event_param1`, `event_param2`, `event_param3`, `event_param4`, `action_type`, `action_param1`, `action_param2`, `action_param3`, `action_param4`, `action_param5`, `action_param6`, `target_type`, `target_param1`, `target_param2`, `target_param3`, `target_x`, `target_y`, `target_z`, `target_o`, `comment`) VALUES (38210, 0, 9, 10, 61, 1, 100, 0, 0, 0, 0, 0, 40, 1, 0, 0, 0, 0, 0, 1, 0, 0, 0, 0, 0, 0, 0, 'Set Melee Weapon Model when not in Shoot Range');
INSERT INTO `smart_scripts` (`entryorguid`, `source_type`, `id`, `link`, `event_type`, `event_phase_mask`, `event_chance`, `event_flags`, `event_param1`, `event_param2`, `event_param3`, `event_param4`, `action_type`, `action_param1`, `action_param2`, `action_param3`, `action_param4`, `action_param5`, `action_param6`, `target_type`, `target_param1`, `target_param2`, `target_param3`, `target_x`, `target_y`, `target_z`, `target_o`, `comment`) VALUES (38210, 0, 10, 0, 61, 1, 100, 0, 0, 0, 0, 0, 20, 1, 0, 0, 0, 0, 0, 1, 0, 0, 0, 0, 0, 0, 0, 'Start Melee Attack when not in Shoot Range');
INSERT INTO `smart_scripts` (`entryorguid`, `source_type`, `id`, `link`, `event_type`, `event_phase_mask`, `event_chance`, `event_flags`, `event_param1`, `event_param2`, `event_param3`, `event_param4`, `action_type`, `action_param1`, `action_param2`, `action_param3`, `action_param4`, `action_param5`, `action_param6`, `target_type`, `target_param1`, `target_param2`, `target_param3`, `target_x`, `target_y`, `target_z`, `target_o`, `comment`) VALUES (38210, 0, 11, 12, 9, 1, 100, 0, 11, 25, 0, 0, 21, 0, 0, 0, 0, 0, 0, 1, 0, 0, 0, 0, 0, 0, 0, 'Stop Moving at 25 Yards');
INSERT INTO `smart_scripts` (`entryorguid`, `source_type`, `id`, `link`, `event_type`, `event_phase_mask`, `event_chance`, `event_flags`, `event_param1`, `event_param2`, `event_param3`, `event_param4`, `action_type`, `action_param1`, `action_param2`, `action_param3`, `action_param4`, `action_param5`, `action_param6`, `target_type`, `target_param1`, `target_param2`, `target_param3`, `target_x`, `target_y`, `target_z`, `target_o`, `comment`) VALUES (38210, 0, 12, 13, 61, 1, 100, 0, 0, 0, 0, 0, 20, 0, 0, 0, 0, 0, 0, 1, 0, 0, 0, 0, 0, 0, 0, 'Stop Melee Attack at 25 Yards');
INSERT INTO `smart_scripts` (`entryorguid`, `source_type`, `id`, `link`, `event_type`, `event_phase_mask`, `event_chance`, `event_flags`, `event_param1`, `event_param2`, `event_param3`, `event_param4`, `action_type`, `action_param1`, `action_param2`, `action_param3`, `action_param4`, `action_param5`, `action_param6`, `target_type`, `target_param1`, `target_param2`, `target_param3`, `target_x`, `target_y`, `target_z`, `target_o`, `comment`) VALUES (38210, 0, 13, 0, 61, 1, 100, 0, 0, 0, 0, 0, 40, 2, 0, 0, 0, 0, 0, 1, 0, 0, 0, 0, 0, 0, 0, 'Set Ranged Weapon Model at 25 Yards');
INSERT INTO `smart_scripts` (`entryorguid`, `source_type`, `id`, `link`, `event_type`, `event_phase_mask`, `event_chance`, `event_flags`, `event_param1`, `event_param2`, `event_param3`, `event_param4`, `action_type`, `action_param1`, `action_param2`, `action_param3`, `action_param4`, `action_param5`, `action_param6`, `target_type`, `target_param1`, `target_param2`, `target_param3`, `target_x`, `target_y`, `target_z`, `target_o`, `comment`) VALUES (38210, 0, 14, 15, 7, 1, 100, 1, 0, 0, 0, 0, 40, 1, 0, 0, 0, 0, 0, 1, 0, 0, 0, 0, 0, 0, 0, 'Set Melee Weapon Model on Evade');
INSERT INTO `smart_scripts` (`entryorguid`, `source_type`, `id`, `link`, `event_type`, `event_phase_mask`, `event_chance`, `event_flags`, `event_param1`, `event_param2`, `event_param3`, `event_param4`, `action_type`, `action_param1`, `action_param2`, `action_param3`, `action_param4`, `action_param5`, `action_param6`, `target_type`, `target_param1`, `target_param2`, `target_param3`, `target_x`, `target_y`, `target_z`, `target_o`, `comment`) VALUES (38210, 0, 15, 0, 61, 1, 100, 1, 0, 0, 0, 0, 22, 0, 0, 0, 0, 0, 0, 1, 0, 0, 0, 0, 0, 0, 0, 'Reset on Evade');

DELETE FROM `creature_template` WHERE `entry`=38210;
INSERT INTO `creature_template` (`entry`, `difficulty_entry_1`, `difficulty_entry_2`, `difficulty_entry_3`, `KillCredit1`, `KillCredit2`, `modelid1`, `modelid2`, `modelid3`, `modelid4`, `name`, `subname`, `IconName`, `gossip_menu_id`, `minlevel`, `maxlevel`, `exp`, `exp_unk`, `faction_A`, `faction_H`, `npcflag`, `speed_walk`, `speed_run`, `speed_swim`, `speed_fly`, `scale`, `rank`, `mindmg`, `maxdmg`, `dmgschool`, `attackpower`, `dmg_multiplier`, `baseattacktime`, `rangeattacktime`, `unit_class`, `unit_flags`, `unit_flags2`, `dynamicflags`, `family`, `trainer_type`, `trainer_spell`, `trainer_class`, `trainer_race`, `minrangedmg`, `maxrangedmg`, `rangedattackpower`, `type`, `type_flags`, `type_flags2`, `lootid`, `pickpocketloot`, `skinloot`, `resistance1`, `resistance2`, `resistance3`, `resistance4`, `resistance5`, `resistance6`, `spell1`, `spell2`, `spell3`, `spell4`, `spell5`, `spell6`, `spell7`, `spell8`, `PetSpellDataId`, `VehicleId`, `mingold`, `maxgold`, `currencyId`, `currencyCount`, `AIName`, `MovementType`, `InhabitType`, `HoverHeight`, `Health_mod`, `Mana_mod`, `Mana_mod_extra`, `Armor_mod`, `RacialLeader`, `questItem1`, `questItem2`, `questItem3`, `questItem4`, `questItem5`, `questItem6`, `movementId`, `RegenHealth`, `equipment_id`, `mechanic_immune_mask`, `flags_extra`, `ScriptName`, `WDBVerified`) VALUES (38210, 0, 0, 0, 36634, 0, 30290, 30291, 30292, 0, 'Forsaken Crossbowman', '', '', 0, 12, 13, 0, 0, 2213, 2213, 0, 1, 1.14286, 1, 1.14286, 1, 0, 26, 32.775, 0, 103, 0.75, 2000, 2000, 1, 32768, 2048, 0, 0, 0, 0, 0, 0, 14.3, 24.225, 67, 7, 0, 0, 0, 0, 0, 0, 0, 0, 0, 0, 0, 0, 0, 0, 0, 0, 0, 0, 0, 0, 0, 0, 0, NULL, NULL, 'SmartAI', 0, 3, 0, 1, 1, 1, 1, 0, 0, 0, 0, 0, 0, 0, 0, 1, 38210, 0, 0, '', 13623);

DELETE FROM `creature` WHERE id=38210;
INSERT INTO `creature` (`guid`, `id`, `map`, `zone`, `area`, `spawnMask`, `phaseMask`, `modelid`, `equipment_id`, `position_x`, `position_y`, `position_z`, `orientation`, `spawntimesecs`, `spawndist`, `currentwaypoint`, `curhealth`, `curmana`, `MovementType`, `npcflag`, `unit_flags`, `dynamicflags`, `walkmode`) VALUES (252644, 38210, 654, 4755, 4757, 1, 16, 0, 38210, -1703.01, 1418.58, 21.6686, 3.98473, 300, 0, 0, 247, 0, 0, 0, 0, 0, 0);
INSERT INTO `creature` (`guid`, `id`, `map`, `zone`, `area`, `spawnMask`, `phaseMask`, `modelid`, `equipment_id`, `position_x`, `position_y`, `position_z`, `orientation`, `spawntimesecs`, `spawndist`, `currentwaypoint`, `curhealth`, `curmana`, `MovementType`, `npcflag`, `unit_flags`, `dynamicflags`, `walkmode`) VALUES (252645, 38210, 654, 4755, 4757, 1, 16, 0, 38210, -1700.58, 1411.45, 21.6686, 3.69226, 300, 0, 0, 247, 0, 0, 0, 0, 0, 0);
INSERT INTO `creature` (`guid`, `id`, `map`, `zone`, `area`, `spawnMask`, `phaseMask`, `modelid`, `equipment_id`, `position_x`, `position_y`, `position_z`, `orientation`, `spawntimesecs`, `spawndist`, `currentwaypoint`, `curhealth`, `curmana`, `MovementType`, `npcflag`, `unit_flags`, `dynamicflags`, `walkmode`) VALUES (252646, 38210, 654, 4755, 4757, 1, 16, 0, 38210, -1709.14, 1420.79, 21.6686, 4.20909, 300, 0, 0, 247, 0, 0, 0, 0, 0, 0);
INSERT INTO `creature` (`guid`, `id`, `map`, `zone`, `area`, `spawnMask`, `phaseMask`, `modelid`, `equipment_id`, `position_x`, `position_y`, `position_z`, `orientation`, `spawntimesecs`, `spawndist`, `currentwaypoint`, `curhealth`, `curmana`, `MovementType`, `npcflag`, `unit_flags`, `dynamicflags`, `walkmode`) VALUES (252647, 38210, 654, 4755, 4758, 1, 16, 0, 38210, -1785.09, 1590.39, 20.5891, 5.41052, 300, 0, 0, 273, 0, 0, 0, 0, 0, 0);
INSERT INTO `creature` (`guid`, `id`, `map`, `zone`, `area`, `spawnMask`, `phaseMask`, `modelid`, `equipment_id`, `position_x`, `position_y`, `position_z`, `orientation`, `spawntimesecs`, `spawndist`, `currentwaypoint`, `curhealth`, `curmana`, `MovementType`, `npcflag`, `unit_flags`, `dynamicflags`, `walkmode`) VALUES (252648, 38210, 654, 4755, 4758, 1, 16, 0, 38210, -1785.45, 1598.71, 20.5657, 5.41052, 300, 0, 0, 273, 0, 0, 0, 0, 0, 0);
INSERT INTO `creature` (`guid`, `id`, `map`, `zone`, `area`, `spawnMask`, `phaseMask`, `modelid`, `equipment_id`, `position_x`, `position_y`, `position_z`, `orientation`, `spawntimesecs`, `spawndist`, `currentwaypoint`, `curhealth`, `curmana`, `MovementType`, `npcflag`, `unit_flags`, `dynamicflags`, `walkmode`) VALUES (252649, 38210, 654, 4755, 4758, 1, 16, 0, 38210, -1789.39, 1592.31, 20.5891, 5.41052, 300, 0, 0, 247, 0, 0, 0, 0, 0, 0);
INSERT INTO `creature` (`guid`, `id`, `map`, `zone`, `area`, `spawnMask`, `phaseMask`, `modelid`, `equipment_id`, `position_x`, `position_y`, `position_z`, `orientation`, `spawntimesecs`, `spawndist`, `currentwaypoint`, `curhealth`, `curmana`, `MovementType`, `npcflag`, `unit_flags`, `dynamicflags`, `walkmode`) VALUES (252650, 38210, 654, 4755, 4757, 1, 16, 0, 38210, -1799.6, 1517.74, 19.8657, 5.41052, 300, 0, 0, 273, 0, 0, 0, 0, 0, 0);
INSERT INTO `creature` (`guid`, `id`, `map`, `zone`, `area`, `spawnMask`, `phaseMask`, `modelid`, `equipment_id`, `position_x`, `position_y`, `position_z`, `orientation`, `spawntimesecs`, `spawndist`, `currentwaypoint`, `curhealth`, `curmana`, `MovementType`, `npcflag`, `unit_flags`, `dynamicflags`, `walkmode`) VALUES (252651, 38210, 654, 4755, 4757, 1, 16, 0, 38210, -1798.73, 1510.62, 19.8657, 5.41052, 300, 0, 0, 247, 0, 0, 0, 0, 0, 0);
INSERT INTO `creature` (`guid`, `id`, `map`, `zone`, `area`, `spawnMask`, `phaseMask`, `modelid`, `equipment_id`, `position_x`, `position_y`, `position_z`, `orientation`, `spawntimesecs`, `spawndist`, `currentwaypoint`, `curhealth`, `curmana`, `MovementType`, `npcflag`, `unit_flags`, `dynamicflags`, `walkmode`) VALUES (252652, 38210, 654, 4755, 4757, 1, 16, 0, 38210, -1800.79, 1510.63, 19.8657, 5.41052, 300, 0, 0, 247, 0, 0, 0, 0, 0, 0);
INSERT INTO `creature` (`guid`, `id`, `map`, `zone`, `area`, `spawnMask`, `phaseMask`, `modelid`, `equipment_id`, `position_x`, `position_y`, `position_z`, `orientation`, `spawntimesecs`, `spawndist`, `currentwaypoint`, `curhealth`, `curmana`, `MovementType`, `npcflag`, `unit_flags`, `dynamicflags`, `walkmode`) VALUES (252653, 38210, 654, 4755, 4757, 1, 16, 0, 38210, -1800.83, 1484.45, 19.793, 5.41052, 300, 0, 0, 247, 0, 0, 0, 0, 0, 0);
INSERT INTO `creature` (`guid`, `id`, `map`, `zone`, `area`, `spawnMask`, `phaseMask`, `modelid`, `equipment_id`, `position_x`, `position_y`, `position_z`, `orientation`, `spawntimesecs`, `spawndist`, `currentwaypoint`, `curhealth`, `curmana`, `MovementType`, `npcflag`, `unit_flags`, `dynamicflags`, `walkmode`) VALUES (252654, 38210, 654, 4755, 4757, 1, 16, 0, 38210, -1803.26, 1513.03, 19.8657, 5.41052, 300, 0, 0, 247, 0, 0, 0, 0, 0, 0);
INSERT INTO `creature` (`guid`, `id`, `map`, `zone`, `area`, `spawnMask`, `phaseMask`, `modelid`, `equipment_id`, `position_x`, `position_y`, `position_z`, `orientation`, `spawntimesecs`, `spawndist`, `currentwaypoint`, `curhealth`, `curmana`, `MovementType`, `npcflag`, `unit_flags`, `dynamicflags`, `walkmode`) VALUES (252655, 38210, 654, 4755, 4757, 1, 16, 0, 38210, -1803.73, 1485.1, 19.6351, 5.41052, 300, 0, 0, 247, 0, 0, 0, 0, 0, 0);
INSERT INTO `creature` (`guid`, `id`, `map`, `zone`, `area`, `spawnMask`, `phaseMask`, `modelid`, `equipment_id`, `position_x`, `position_y`, `position_z`, `orientation`, `spawntimesecs`, `spawndist`, `currentwaypoint`, `curhealth`, `curmana`, `MovementType`, `npcflag`, `unit_flags`, `dynamicflags`, `walkmode`) VALUES (252656, 38210, 654, 4755, 4757, 1, 16, 0, 38210, -1804.03, 1449.68, 19.0509, 5.41052, 300, 0, 0, 247, 0, 0, 0, 0, 0, 0);
INSERT INTO `creature` (`guid`, `id`, `map`, `zone`, `area`, `spawnMask`, `phaseMask`, `modelid`, `equipment_id`, `position_x`, `position_y`, `position_z`, `orientation`, `spawntimesecs`, `spawndist`, `currentwaypoint`, `curhealth`, `curmana`, `MovementType`, `npcflag`, `unit_flags`, `dynamicflags`, `walkmode`) VALUES (252657, 38210, 654, 4755, 4757, 1, 16, 0, 38210, -1804.54, 1439.42, 19.3655, 5.41052, 300, 0, 0, 247, 0, 0, 0, 0, 0, 0);
INSERT INTO `creature` (`guid`, `id`, `map`, `zone`, `area`, `spawnMask`, `phaseMask`, `modelid`, `equipment_id`, `position_x`, `position_y`, `position_z`, `orientation`, `spawntimesecs`, `spawndist`, `currentwaypoint`, `curhealth`, `curmana`, `MovementType`, `npcflag`, `unit_flags`, `dynamicflags`, `walkmode`) VALUES (252658, 38210, 654, 4755, 4757, 1, 16, 0, 38210, -1805.94, 1509.33, 19.8948, 5.41052, 300, 0, 0, 247, 0, 0, 0, 0, 0, 0);
INSERT INTO `creature` (`guid`, `id`, `map`, `zone`, `area`, `spawnMask`, `phaseMask`, `modelid`, `equipment_id`, `position_x`, `position_y`, `position_z`, `orientation`, `spawntimesecs`, `spawndist`, `currentwaypoint`, `curhealth`, `curmana`, `MovementType`, `npcflag`, `unit_flags`, `dynamicflags`, `walkmode`) VALUES (252659, 38210, 654, 4755, 4757, 1, 16, 0, 38210, -1807.36, 1434.65, 19.4926, 5.41052, 300, 0, 0, 247, 0, 0, 0, 0, 0, 0);
INSERT INTO `creature` (`guid`, `id`, `map`, `zone`, `area`, `spawnMask`, `phaseMask`, `modelid`, `equipment_id`, `position_x`, `position_y`, `position_z`, `orientation`, `spawntimesecs`, `spawndist`, `currentwaypoint`, `curhealth`, `curmana`, `MovementType`, `npcflag`, `unit_flags`, `dynamicflags`, `walkmode`) VALUES (252660, 38210, 654, 4755, 4757, 1, 16, 0, 38210, -1808.48, 1442.73, 19.2855, 5.41052, 300, 0, 0, 247, 0, 0, 0, 0, 0, 0);
INSERT INTO `creature` (`guid`, `id`, `map`, `zone`, `area`, `spawnMask`, `phaseMask`, `modelid`, `equipment_id`, `position_x`, `position_y`, `position_z`, `orientation`, `spawntimesecs`, `spawndist`, `currentwaypoint`, `curhealth`, `curmana`, `MovementType`, `npcflag`, `unit_flags`, `dynamicflags`, `walkmode`) VALUES (252661, 38210, 654, 4755, 4756, 1, 16, 0, 38210, -1461.44, 1400.33, 35.6392, 5.41052, 300, 0, 0, 247, 0, 0, 0, 0, 0, 0);
INSERT INTO `creature` (`guid`, `id`, `map`, `zone`, `area`, `spawnMask`, `phaseMask`, `modelid`, `equipment_id`, `position_x`, `position_y`, `position_z`, `orientation`, `spawntimesecs`, `spawndist`, `currentwaypoint`, `curhealth`, `curmana`, `MovementType`, `npcflag`, `unit_flags`, `dynamicflags`, `walkmode`) VALUES (252662, 38210, 654, 4755, 4756, 1, 16, 0, 38210, -1443.3, 1424.79, 35.6392, 5.41052, 300, 0, 0, 247, 0, 0, 0, 0, 0, 0);
INSERT INTO `creature` (`guid`, `id`, `map`, `zone`, `area`, `spawnMask`, `phaseMask`, `modelid`, `equipment_id`, `position_x`, `position_y`, `position_z`, `orientation`, `spawntimesecs`, `spawndist`, `currentwaypoint`, `curhealth`, `curmana`, `MovementType`, `npcflag`, `unit_flags`, `dynamicflags`, `walkmode`) VALUES (252663, 38210, 654, 4755, 4756, 1, 16, 0, 38210, -1443.06, 1428.06, 35.6392, 5.41052, 300, 0, 0, 247, 0, 0, 0, 0, 0, 0);
INSERT INTO `creature` (`guid`, `id`, `map`, `zone`, `area`, `spawnMask`, `phaseMask`, `modelid`, `equipment_id`, `position_x`, `position_y`, `position_z`, `orientation`, `spawntimesecs`, `spawndist`, `currentwaypoint`, `curhealth`, `curmana`, `MovementType`, `npcflag`, `unit_flags`, `dynamicflags`, `walkmode`) VALUES (252664, 38210, 654, 4755, 4757, 1, 16, 0, 38210, -1808.76, 1484.37, 19.4685, 5.41052, 300, 0, 0, 247, 0, 0, 0, 0, 0, 0);
INSERT INTO `creature` (`guid`, `id`, `map`, `zone`, `area`, `spawnMask`, `phaseMask`, `modelid`, `equipment_id`, `position_x`, `position_y`, `position_z`, `orientation`, `spawntimesecs`, `spawndist`, `currentwaypoint`, `curhealth`, `curmana`, `MovementType`, `npcflag`, `unit_flags`, `dynamicflags`, `walkmode`) VALUES (252665, 38210, 654, 4755, 4756, 1, 16, 0, 38210, -1440.31, 1425.9, 35.6393, 5.41052, 300, 0, 0, 247, 0, 0, 0, 0, 0, 0);
INSERT INTO `creature` (`guid`, `id`, `map`, `zone`, `area`, `spawnMask`, `phaseMask`, `modelid`, `equipment_id`, `position_x`, `position_y`, `position_z`, `orientation`, `spawntimesecs`, `spawndist`, `currentwaypoint`, `curhealth`, `curmana`, `MovementType`, `npcflag`, `unit_flags`, `dynamicflags`, `walkmode`) VALUES (252666, 38210, 654, 4755, 4756, 1, 16, 0, 38210, -1464.05, 1397.3, 35.6392, 5.46288, 300, 0, 0, 247, 0, 0, 0, 0, 0, 0);
INSERT INTO `creature` (`guid`, `id`, `map`, `zone`, `area`, `spawnMask`, `phaseMask`, `modelid`, `equipment_id`, `position_x`, `position_y`, `position_z`, `orientation`, `spawntimesecs`, `spawndist`, `currentwaypoint`, `curhealth`, `curmana`, `MovementType`, `npcflag`, `unit_flags`, `dynamicflags`, `walkmode`) VALUES (252667, 38210, 654, 4755, 4756, 1, 16, 0, 38210, -1466.62, 1393.85, 35.6392, 5.48033, 300, 0, 0, 247, 0, 0, 0, 0, 0, 0);
INSERT INTO `creature` (`guid`, `id`, `map`, `zone`, `area`, `spawnMask`, `phaseMask`, `modelid`, `equipment_id`, `position_x`, `position_y`, `position_z`, `orientation`, `spawntimesecs`, `spawndist`, `currentwaypoint`, `curhealth`, `curmana`, `MovementType`, `npcflag`, `unit_flags`, `dynamicflags`, `walkmode`) VALUES (252668, 38210, 654, 4755, 4756, 1, 16, 0, 38210, -1470.96, 1435.55, 35.8477, 5.28835, 300, 0, 0, 247, 0, 0, 0, 0, 0, 0);
INSERT INTO `creature` (`guid`, `id`, `map`, `zone`, `area`, `spawnMask`, `phaseMask`, `modelid`, `equipment_id`, `position_x`, `position_y`, `position_z`, `orientation`, `spawntimesecs`, `spawndist`, `currentwaypoint`, `curhealth`, `curmana`, `MovementType`, `npcflag`, `unit_flags`, `dynamicflags`, `walkmode`) VALUES (252669, 38210, 654, 4755, 4756, 1, 16, 0, 38210, -1475.77, 1430.84, 35.6392, 5.42797, 300, 0, 0, 247, 0, 0, 0, 0, 0, 0);
INSERT INTO `creature` (`guid`, `id`, `map`, `zone`, `area`, `spawnMask`, `phaseMask`, `modelid`, `equipment_id`, `position_x`, `position_y`, `position_z`, `orientation`, `spawntimesecs`, `spawndist`, `currentwaypoint`, `curhealth`, `curmana`, `MovementType`, `npcflag`, `unit_flags`, `dynamicflags`, `walkmode`) VALUES (252670, 38210, 654, 4755, 4756, 1, 16, 0, 38210, -1492.65, 1430.91, 35.6392, 5.41052, 300, 0, 0, 247, 0, 0, 0, 0, 0, 0);
INSERT INTO `creature` (`guid`, `id`, `map`, `zone`, `area`, `spawnMask`, `phaseMask`, `modelid`, `equipment_id`, `position_x`, `position_y`, `position_z`, `orientation`, `spawntimesecs`, `spawndist`, `currentwaypoint`, `curhealth`, `curmana`, `MovementType`, `npcflag`, `unit_flags`, `dynamicflags`, `walkmode`) VALUES (252671, 38210, 654, 4755, 4756, 1, 16, 0, 38210, -1479.81, 1426.92, 35.6392, 5.5676, 300, 0, 0, 247, 0, 0, 0, 0, 0, 0);
INSERT INTO `creature` (`guid`, `id`, `map`, `zone`, `area`, `spawnMask`, `phaseMask`, `modelid`, `equipment_id`, `position_x`, `position_y`, `position_z`, `orientation`, `spawntimesecs`, `spawndist`, `currentwaypoint`, `curhealth`, `curmana`, `MovementType`, `npcflag`, `unit_flags`, `dynamicflags`, `walkmode`) VALUES (252672, 38210, 654, 4755, 4756, 1, 16, 0, 38210, -1496.61, 1424.05, 35.6392, 5.41052, 300, 0, 0, 247, 0, 0, 0, 0, 0, 0);
INSERT INTO `creature` (`guid`, `id`, `map`, `zone`, `area`, `spawnMask`, `phaseMask`, `modelid`, `equipment_id`, `position_x`, `position_y`, `position_z`, `orientation`, `spawntimesecs`, `spawndist`, `currentwaypoint`, `curhealth`, `curmana`, `MovementType`, `npcflag`, `unit_flags`, `dynamicflags`, `walkmode`) VALUES (252673, 38210, 654, 4755, 4756, 1, 16, 0, 38210, -1497.26, 1429.51, 35.6392, 5.41052, 300, 0, 0, 247, 0, 0, 0, 0, 0, 0);
INSERT INTO `creature` (`guid`, `id`, `map`, `zone`, `area`, `spawnMask`, `phaseMask`, `modelid`, `equipment_id`, `position_x`, `position_y`, `position_z`, `orientation`, `spawntimesecs`, `spawndist`, `currentwaypoint`, `curhealth`, `curmana`, `MovementType`, `npcflag`, `unit_flags`, `dynamicflags`, `walkmode`) VALUES (252674, 38210, 654, 4755, 4756, 1, 16, 0, 38210, -1503.84, 1378.14, 35.6393, 5.41052, 300, 0, 0, 247, 0, 0, 0, 0, 0, 0);
INSERT INTO `creature` (`guid`, `id`, `map`, `zone`, `area`, `spawnMask`, `phaseMask`, `modelid`, `equipment_id`, `position_x`, `position_y`, `position_z`, `orientation`, `spawntimesecs`, `spawndist`, `currentwaypoint`, `curhealth`, `curmana`, `MovementType`, `npcflag`, `unit_flags`, `dynamicflags`, `walkmode`) VALUES (252675, 38210, 654, 4755, 4756, 1, 16, 0, 38210, -1504.13, 1398.67, 35.6392, 0.00001, 300, 0, 0, 247, 0, 0, 0, 0, 0, 0);
INSERT INTO `creature` (`guid`, `id`, `map`, `zone`, `area`, `spawnMask`, `phaseMask`, `modelid`, `equipment_id`, `position_x`, `position_y`, `position_z`, `orientation`, `spawntimesecs`, `spawndist`, `currentwaypoint`, `curhealth`, `curmana`, `MovementType`, `npcflag`, `unit_flags`, `dynamicflags`, `walkmode`) VALUES (252676, 38210, 654, 4755, 4756, 1, 16, 0, 38210, -1505.25, 1394.88, 35.6393, 0.00001, 300, 0, 0, 247, 0, 0, 0, 0, 0, 0);
INSERT INTO `creature` (`guid`, `id`, `map`, `zone`, `area`, `spawnMask`, `phaseMask`, `modelid`, `equipment_id`, `position_x`, `position_y`, `position_z`, `orientation`, `spawntimesecs`, `spawndist`, `currentwaypoint`, `curhealth`, `curmana`, `MovementType`, `npcflag`, `unit_flags`, `dynamicflags`, `walkmode`) VALUES (252677, 38210, 654, 4755, 4756, 1, 16, 0, 38210, -1505.66, 1390.99, 35.6393, 0.00001, 300, 0, 0, 247, 0, 0, 0, 0, 0, 0);
INSERT INTO `creature` (`guid`, `id`, `map`, `zone`, `area`, `spawnMask`, `phaseMask`, `modelid`, `equipment_id`, `position_x`, `position_y`, `position_z`, `orientation`, `spawntimesecs`, `spawndist`, `currentwaypoint`, `curhealth`, `curmana`, `MovementType`, `npcflag`, `unit_flags`, `dynamicflags`, `walkmode`) VALUES (252678, 38210, 654, 4755, 4756, 1, 16, 0, 38210, -1506.71, 1380.2, 35.6393, 5.41052, 300, 0, 0, 247, 0, 0, 0, 0, 0, 0);
INSERT INTO `creature` (`guid`, `id`, `map`, `zone`, `area`, `spawnMask`, `phaseMask`, `modelid`, `equipment_id`, `position_x`, `position_y`, `position_z`, `orientation`, `spawntimesecs`, `spawndist`, `currentwaypoint`, `curhealth`, `curmana`, `MovementType`, `npcflag`, `unit_flags`, `dynamicflags`, `walkmode`) VALUES (252679, 38210, 654, 4755, 4756, 1, 16, 0, 38210, -1507.16, 1375.58, 35.6392, 5.41052, 300, 0, 0, 273, 0, 0, 0, 0, 0, 0);
INSERT INTO `creature` (`guid`, `id`, `map`, `zone`, `area`, `spawnMask`, `phaseMask`, `modelid`, `equipment_id`, `position_x`, `position_y`, `position_z`, `orientation`, `spawntimesecs`, `spawndist`, `currentwaypoint`, `curhealth`, `curmana`, `MovementType`, `npcflag`, `unit_flags`, `dynamicflags`, `walkmode`) VALUES (252680, 38210, 654, 4755, 4756, 1, 16, 0, 38210, -1509.46, 1432.15, 35.6393, 5.41052, 300, 0, 0, 273, 0, 0, 0, 0, 0, 0);
INSERT INTO `creature` (`guid`, `id`, `map`, `zone`, `area`, `spawnMask`, `phaseMask`, `modelid`, `equipment_id`, `position_x`, `position_y`, `position_z`, `orientation`, `spawntimesecs`, `spawndist`, `currentwaypoint`, `curhealth`, `curmana`, `MovementType`, `npcflag`, `unit_flags`, `dynamicflags`, `walkmode`) VALUES (252681, 38210, 654, 4755, 4756, 1, 16, 0, 38210, -1513.66, 1431.72, 35.6393, 5.41052, 300, 0, 0, 247, 0, 0, 0, 0, 0, 0);
INSERT INTO `creature` (`guid`, `id`, `map`, `zone`, `area`, `spawnMask`, `phaseMask`, `modelid`, `equipment_id`, `position_x`, `position_y`, `position_z`, `orientation`, `spawntimesecs`, `spawndist`, `currentwaypoint`, `curhealth`, `curmana`, `MovementType`, `npcflag`, `unit_flags`, `dynamicflags`, `walkmode`) VALUES (252682, 38210, 654, 4755, 4756, 1, 16, 0, 38210, -1519.17, 1431.58, 35.6393, 5.41052, 300, 0, 0, 247, 0, 0, 0, 0, 0, 0);
INSERT INTO `creature` (`guid`, `id`, `map`, `zone`, `area`, `spawnMask`, `phaseMask`, `modelid`, `equipment_id`, `position_x`, `position_y`, `position_z`, `orientation`, `spawntimesecs`, `spawndist`, `currentwaypoint`, `curhealth`, `curmana`, `MovementType`, `npcflag`, `unit_flags`, `dynamicflags`, `walkmode`) VALUES (252683, 38210, 654, 4755, 4756, 1, 16, 0, 38210, -1524.48, 1431.05, 35.6393, 5.41052, 300, 0, 0, 273, 0, 0, 0, 0, 0, 0);
INSERT INTO `creature` (`guid`, `id`, `map`, `zone`, `area`, `spawnMask`, `phaseMask`, `modelid`, `equipment_id`, `position_x`, `position_y`, `position_z`, `orientation`, `spawntimesecs`, `spawndist`, `currentwaypoint`, `curhealth`, `curmana`, `MovementType`, `npcflag`, `unit_flags`, `dynamicflags`, `walkmode`) VALUES (252684, 38210, 654, 4755, 4756, 1, 16, 0, 38210, -1526.3, 1406.17, 35.6393, 5.41052, 300, 0, 0, 247, 0, 0, 0, 0, 0, 0);
INSERT INTO `creature` (`guid`, `id`, `map`, `zone`, `area`, `spawnMask`, `phaseMask`, `modelid`, `equipment_id`, `position_x`, `position_y`, `position_z`, `orientation`, `spawntimesecs`, `spawndist`, `currentwaypoint`, `curhealth`, `curmana`, `MovementType`, `npcflag`, `unit_flags`, `dynamicflags`, `walkmode`) VALUES (252685, 38210, 654, 4755, 4756, 1, 16, 0, 38210, -1561.44, 1361.97, 35.6543, 5.41052, 300, 0, 0, 247, 0, 0, 0, 0, 0, 0);
INSERT INTO `creature` (`guid`, `id`, `map`, `zone`, `area`, `spawnMask`, `phaseMask`, `modelid`, `equipment_id`, `position_x`, `position_y`, `position_z`, `orientation`, `spawntimesecs`, `spawndist`, `currentwaypoint`, `curhealth`, `curmana`, `MovementType`, `npcflag`, `unit_flags`, `dynamicflags`, `walkmode`) VALUES (252686, 38210, 654, 4755, 4756, 1, 16, 0, 38210, -1560.82, 1325.08, 35.6393, 0.34906, 300, 0, 0, 247, 0, 0, 0, 0, 0, 0);
INSERT INTO `creature` (`guid`, `id`, `map`, `zone`, `area`, `spawnMask`, `phaseMask`, `modelid`, `equipment_id`, `position_x`, `position_y`, `position_z`, `orientation`, `spawntimesecs`, `spawndist`, `currentwaypoint`, `curhealth`, `curmana`, `MovementType`, `npcflag`, `unit_flags`, `dynamicflags`, `walkmode`) VALUES (252687, 38210, 654, 4755, 4756, 1, 16, 0, 38210, -1560.14, 1320.97, 35.6393, 0.34906, 300, 0, 0, 247, 0, 0, 0, 0, 0, 0);
INSERT INTO `creature` (`guid`, `id`, `map`, `zone`, `area`, `spawnMask`, `phaseMask`, `modelid`, `equipment_id`, `position_x`, `position_y`, `position_z`, `orientation`, `spawntimesecs`, `spawndist`, `currentwaypoint`, `curhealth`, `curmana`, `MovementType`, `npcflag`, `unit_flags`, `dynamicflags`, `walkmode`) VALUES (252688, 38210, 654, 4755, 4756, 1, 16, 0, 38210, -1554.46, 1420.46, 35.6393, 5.41052, 300, 0, 0, 247, 0, 0, 0, 0, 0, 0);
INSERT INTO `creature` (`guid`, `id`, `map`, `zone`, `area`, `spawnMask`, `phaseMask`, `modelid`, `equipment_id`, `position_x`, `position_y`, `position_z`, `orientation`, `spawntimesecs`, `spawndist`, `currentwaypoint`, `curhealth`, `curmana`, `MovementType`, `npcflag`, `unit_flags`, `dynamicflags`, `walkmode`) VALUES (252689, 38210, 654, 4755, 4756, 1, 16, 0, 38210, -1547.94, 1424.68, 35.6393, 5.41052, 300, 0, 0, 247, 0, 0, 0, 0, 0, 0);
INSERT INTO `creature` (`guid`, `id`, `map`, `zone`, `area`, `spawnMask`, `phaseMask`, `modelid`, `equipment_id`, `position_x`, `position_y`, `position_z`, `orientation`, `spawntimesecs`, `spawndist`, `currentwaypoint`, `curhealth`, `curmana`, `MovementType`, `npcflag`, `unit_flags`, `dynamicflags`, `walkmode`) VALUES (252690, 38210, 654, 4755, 4756, 1, 16, 0, 38210, -1537.89, 1406.33, 35.6393, 5.41052, 300, 0, 0, 247, 0, 0, 0, 0, 0, 0);
INSERT INTO `creature` (`guid`, `id`, `map`, `zone`, `area`, `spawnMask`, `phaseMask`, `modelid`, `equipment_id`, `position_x`, `position_y`, `position_z`, `orientation`, `spawntimesecs`, `spawndist`, `currentwaypoint`, `curhealth`, `curmana`, `MovementType`, `npcflag`, `unit_flags`, `dynamicflags`, `walkmode`) VALUES (252691, 38210, 654, 4755, 4756, 1, 16, 0, 38210, -1541.36, 1427.38, 35.6393, 5.41052, 300, 0, 0, 247, 0, 0, 0, 0, 0, 0);
INSERT INTO `creature` (`guid`, `id`, `map`, `zone`, `area`, `spawnMask`, `phaseMask`, `modelid`, `equipment_id`, `position_x`, `position_y`, `position_z`, `orientation`, `spawntimesecs`, `spawndist`, `currentwaypoint`, `curhealth`, `curmana`, `MovementType`, `npcflag`, `unit_flags`, `dynamicflags`, `walkmode`) VALUES (252692, 38210, 654, 4755, 4756, 1, 16, 0, 38210, -1536.05, 1429.7, 35.6393, 5.41052, 300, 0, 0, 247, 0, 0, 0, 0, 0, 0);
INSERT INTO `creature` (`guid`, `id`, `map`, `zone`, `area`, `spawnMask`, `phaseMask`, `modelid`, `equipment_id`, `position_x`, `position_y`, `position_z`, `orientation`, `spawntimesecs`, `spawndist`, `currentwaypoint`, `curhealth`, `curmana`, `MovementType`, `npcflag`, `unit_flags`, `dynamicflags`, `walkmode`) VALUES (252693, 38210, 654, 4755, 4756, 1, 16, 0, 38210, -1529.61, 1402.51, 35.6393, 5.41052, 300, 0, 0, 247, 0, 0, 0, 0, 0, 0);

DELETE FROM `creature_template` WHERE `entry`=35232;
INSERT INTO `creature_template` (`entry`, `difficulty_entry_1`, `difficulty_entry_2`, `difficulty_entry_3`, `KillCredit1`, `KillCredit2`, `modelid1`, `modelid2`, `modelid3`, `modelid4`, `name`, `subname`, `IconName`, `gossip_menu_id`, `minlevel`, `maxlevel`, `exp`, `exp_unk`, `faction_A`, `faction_H`, `npcflag`, `speed_walk`, `speed_run`, `speed_swim`, `speed_fly`, `scale`, `rank`, `mindmg`, `maxdmg`, `dmgschool`, `attackpower`, `dmg_multiplier`, `baseattacktime`, `rangeattacktime`, `unit_class`, `unit_flags`, `unit_flags2`, `dynamicflags`, `family`, `trainer_type`, `trainer_spell`, `trainer_class`, `trainer_race`, `minrangedmg`, `maxrangedmg`, `rangedattackpower`, `type`, `type_flags`, `type_flags2`, `lootid`, `pickpocketloot`, `skinloot`, `resistance1`, `resistance2`, `resistance3`, `resistance4`, `resistance5`, `resistance6`, `spell1`, `spell2`, `spell3`, `spell4`, `spell5`, `spell6`, `spell7`, `spell8`, `PetSpellDataId`, `VehicleId`, `mingold`, `maxgold`, `currencyId`, `currencyCount`, `AIName`, `MovementType`, `InhabitType`, `HoverHeight`, `Health_mod`, `Mana_mod`, `Mana_mod_extra`, `Armor_mod`, `RacialLeader`, `questItem1`, `questItem2`, `questItem3`, `questItem4`, `questItem5`, `questItem6`, `movementId`, `RegenHealth`, `equipment_id`, `mechanic_immune_mask`, `flags_extra`, `ScriptName`, `WDBVerified`) VALUES (35232, 0, 0, 0, 0, 0, 29466, 29467, 0, 0, 'Gilnean Royal Guard', '', '', 0, 2, 2, 0, 0, 2207, 2207, 0, 1, 1.14286, 1, 1.14286, 1, 0, 6, 7.475, 0, 24, 0.75, 2000, 2000, 1, 32772, 2048, 0, 0, 0, 0, 0, 0, 3.3, 5.525, 15, 7, 0, 0, 0, 0, 0, 0, 0, 0, 0, 0, 0, 0, 0, 0, 0, 0, 0, 0, 0, 0, 0, 0, 0, NULL, NULL, '', 0, 3, 1, 2000, 1, 1, 1, 0, 0, 0, 0, 0, 0, 0, 0, 1, 35232, 0, 0, 'npc_gilnean_royal_guard', 13623);

DELETE FROM `creature` WHERE id=35232;
INSERT INTO `creature` (`guid`, `id`, `map`, `zone`, `area`, `spawnMask`, `phaseMask`, `modelid`, `equipment_id`, `position_x`, `position_y`, `position_z`, `orientation`, `spawntimesecs`, `spawndist`, `currentwaypoint`, `curhealth`, `curmana`, `MovementType`, `npcflag`, `unit_flags`, `dynamicflags`, `walkmode`) VALUES (254584, 35232, 654, 4755, 4757, 1, 12, 0, 35232, -1792.58, 1396.8, 20.2953, 5.06687, 300, 0, 0, 55, 0, 0, 0, 0, 0, 0);
INSERT INTO `creature` (`guid`, `id`, `map`, `zone`, `area`, `spawnMask`, `phaseMask`, `modelid`, `equipment_id`, `position_x`, `position_y`, `position_z`, `orientation`, `spawntimesecs`, `spawndist`, `currentwaypoint`, `curhealth`, `curmana`, `MovementType`, `npcflag`, `unit_flags`, `dynamicflags`, `walkmode`) VALUES (254585, 35232, 654, 4755, 4757, 1, 12, 0, 35232, -1800.44, 1390.51, 19.8163, 5.09436, 300, 0, 0, 55, 0, 0, 0, 0, 0, 0);
INSERT INTO `creature` (`guid`, `id`, `map`, `zone`, `area`, `spawnMask`, `phaseMask`, `modelid`, `equipment_id`, `position_x`, `position_y`, `position_z`, `orientation`, `spawntimesecs`, `spawndist`, `currentwaypoint`, `curhealth`, `curmana`, `MovementType`, `npcflag`, `unit_flags`, `dynamicflags`, `walkmode`) VALUES (254586, 35232, 654, 4755, 4757, 1, 12, 0, 35232, -1793.45, 1392.91, 19.8651, 5.09436, 300, 0, 0, 55, 0, 0, 0, 0, 0, 0);
INSERT INTO `creature` (`guid`, `id`, `map`, `zone`, `area`, `spawnMask`, `phaseMask`, `modelid`, `equipment_id`, `position_x`, `position_y`, `position_z`, `orientation`, `spawntimesecs`, `spawndist`, `currentwaypoint`, `curhealth`, `curmana`, `MovementType`, `npcflag`, `unit_flags`, `dynamicflags`, `walkmode`) VALUES (254587, 35232, 654, 4755, 4757, 1, 12, 0, 35232, -1772.84, 1402.14, 20.2955, 5.05156, 300, 0, 0, 55, 0, 0, 0, 0, 0, 0);
INSERT INTO `creature` (`guid`, `id`, `map`, `zone`, `area`, `spawnMask`, `phaseMask`, `modelid`, `equipment_id`, `position_x`, `position_y`, `position_z`, `orientation`, `spawntimesecs`, `spawndist`, `currentwaypoint`, `curhealth`, `curmana`, `MovementType`, `npcflag`, `unit_flags`, `dynamicflags`, `walkmode`) VALUES (254588, 35232, 654, 4755, 4757, 1, 12, 0, 35232, -1768.56, 1401.51, 19.8694, 5.05156, 300, 0, 0, 55, 0, 0, 0, 0, 0, 0);
INSERT INTO `creature` (`guid`, `id`, `map`, `zone`, `area`, `spawnMask`, `phaseMask`, `modelid`, `equipment_id`, `position_x`, `position_y`, `position_z`, `orientation`, `spawntimesecs`, `spawndist`, `currentwaypoint`, `curhealth`, `curmana`, `MovementType`, `npcflag`, `unit_flags`, `dynamicflags`, `walkmode`) VALUES (254589, 35232, 654, 4755, 4757, 1, 12, 0, 35232, -1765.78, 1402.82, 19.8576, 5.5495, 300, 0, 0, 55, 0, 0, 0, 0, 0, 0);
INSERT INTO `creature` (`guid`, `id`, `map`, `zone`, `area`, `spawnMask`, `phaseMask`, `modelid`, `equipment_id`, `position_x`, `position_y`, `position_z`, `orientation`, `spawntimesecs`, `spawndist`, `currentwaypoint`, `curhealth`, `curmana`, `MovementType`, `npcflag`, `unit_flags`, `dynamicflags`, `walkmode`) VALUES (254590, 35232, 654, 4755, 4757, 1, 12, 0, 35232, -1763.63, 1406.26, 19.7849, 5.5495, 300, 0, 0, 55, 0, 0, 0, 0, 0, 0);
INSERT INTO `creature` (`guid`, `id`, `map`, `zone`, `area`, `spawnMask`, `phaseMask`, `modelid`, `equipment_id`, `position_x`, `position_y`, `position_z`, `orientation`, `spawntimesecs`, `spawndist`, `currentwaypoint`, `curhealth`, `curmana`, `MovementType`, `npcflag`, `unit_flags`, `dynamicflags`, `walkmode`) VALUES (254591, 35232, 654, 4755, 4757, 1, 2, 0, 35232, -1769.79, 1339.81, 19.9598, 0.789332, 300, 0, 0, 110000, 0, 0, 0, 0, 0, 0);
INSERT INTO `creature` (`guid`, `id`, `map`, `zone`, `area`, `spawnMask`, `phaseMask`, `modelid`, `equipment_id`, `position_x`, `position_y`, `position_z`, `orientation`, `spawntimesecs`, `spawndist`, `currentwaypoint`, `curhealth`, `curmana`, `MovementType`, `npcflag`, `unit_flags`, `dynamicflags`, `walkmode`) VALUES (254592, 35232, 654, 4755, 4757, 1, 2, 0, 35232, -1772.42, 1342.42, 19.8753, 0.789332, 300, 0, 0, 110000, 0, 0, 0, 0, 0, 0);
INSERT INTO `creature` (`guid`, `id`, `map`, `zone`, `area`, `spawnMask`, `phaseMask`, `modelid`, `equipment_id`, `position_x`, `position_y`, `position_z`, `orientation`, `spawntimesecs`, `spawndist`, `currentwaypoint`, `curhealth`, `curmana`, `MovementType`, `npcflag`, `unit_flags`, `dynamicflags`, `walkmode`) VALUES (254593, 35232, 654, 4755, 4757, 1, 2, 0, 35232, -1774.66, 1344.64, 19.7704, 0.789332, 300, 0, 0, 110000, 0, 0, 0, 0, 0, 0);
INSERT INTO `creature` (`guid`, `id`, `map`, `zone`, `area`, `spawnMask`, `phaseMask`, `modelid`, `equipment_id`, `position_x`, `position_y`, `position_z`, `orientation`, `spawntimesecs`, `spawndist`, `currentwaypoint`, `curhealth`, `curmana`, `MovementType`, `npcflag`, `unit_flags`, `dynamicflags`, `walkmode`) VALUES (254594, 35232, 654, 4755, 4757, 1, 2, 0, 35232, -1772.26, 1347.06, 19.7867, 0.789332, 300, 0, 0, 110000, 0, 0, 0, 0, 0, 0);
INSERT INTO `creature` (`guid`, `id`, `map`, `zone`, `area`, `spawnMask`, `phaseMask`, `modelid`, `equipment_id`, `position_x`, `position_y`, `position_z`, `orientation`, `spawntimesecs`, `spawndist`, `currentwaypoint`, `curhealth`, `curmana`, `MovementType`, `npcflag`, `unit_flags`, `dynamicflags`, `walkmode`) VALUES (254595, 35232, 654, 4755, 4757, 1, 2, 0, 35232, -1770.03, 1344.85, 19.8321, 0.789332, 300, 0, 0, 110000, 0, 0, 0, 0, 0, 0);
INSERT INTO `creature` (`guid`, `id`, `map`, `zone`, `area`, `spawnMask`, `phaseMask`, `modelid`, `equipment_id`, `position_x`, `position_y`, `position_z`, `orientation`, `spawntimesecs`, `spawndist`, `currentwaypoint`, `curhealth`, `curmana`, `MovementType`, `npcflag`, `unit_flags`, `dynamicflags`, `walkmode`) VALUES (254596, 35232, 654, 4755, 4757, 1, 2, 0, 35232, -1767.69, 1342.52, 19.8363, 0.789332, 300, 0, 0, 110000, 0, 0, 0, 0, 0, 0);
INSERT INTO `creature` (`guid`, `id`, `map`, `zone`, `area`, `spawnMask`, `phaseMask`, `modelid`, `equipment_id`, `position_x`, `position_y`, `position_z`, `orientation`, `spawntimesecs`, `spawndist`, `currentwaypoint`, `curhealth`, `curmana`, `MovementType`, `npcflag`, `unit_flags`, `dynamicflags`, `walkmode`) VALUES (254597, 35232, 654, 4755, 4757, 1, 2, 0, 35232, -1765.53, 1344.71, 19.8402, 0.789332, 300, 0, 0, 110000, 0, 0, 0, 0, 0, 0);
INSERT INTO `creature` (`guid`, `id`, `map`, `zone`, `area`, `spawnMask`, `phaseMask`, `modelid`, `equipment_id`, `position_x`, `position_y`, `position_z`, `orientation`, `spawntimesecs`, `spawndist`, `currentwaypoint`, `curhealth`, `curmana`, `MovementType`, `npcflag`, `unit_flags`, `dynamicflags`, `walkmode`) VALUES (254598, 35232, 654, 4755, 4757, 1, 2, 0, 35232, -1767.87, 1347.03, 19.881, 0.789332, 300, 0, 0, 110000, 0, 0, 0, 0, 0, 0);
INSERT INTO `creature` (`guid`, `id`, `map`, `zone`, `area`, `spawnMask`, `phaseMask`, `modelid`, `equipment_id`, `position_x`, `position_y`, `position_z`, `orientation`, `spawntimesecs`, `spawndist`, `currentwaypoint`, `curhealth`, `curmana`, `MovementType`, `npcflag`, `unit_flags`, `dynamicflags`, `walkmode`) VALUES (254599, 35232, 654, 4755, 4757, 1, 12, 0, 35232, -1803.88, 1393.61, 20.2866, 5.06687, 300, 0, 0, 55, 0, 0, 0, 0, 0, 0);
INSERT INTO `creature` (`guid`, `id`, `map`, `zone`, `area`, `spawnMask`, `phaseMask`, `modelid`, `equipment_id`, `position_x`, `position_y`, `position_z`, `orientation`, `spawntimesecs`, `spawndist`, `currentwaypoint`, `curhealth`, `curmana`, `MovementType`, `npcflag`, `unit_flags`, `dynamicflags`, `walkmode`) VALUES (254600, 35232, 654, 4755, 4757, 1, 2, 0, 35232, -1770.2, 1349.34, 19.8152, 0.789332, 300, 0, 0, 110000, 0, 0, 0, 0, 0, 0);
INSERT INTO `creature` (`guid`, `id`, `map`, `zone`, `area`, `spawnMask`, `phaseMask`, `modelid`, `equipment_id`, `position_x`, `position_y`, `position_z`, `orientation`, `spawntimesecs`, `spawndist`, `currentwaypoint`, `curhealth`, `curmana`, `MovementType`, `npcflag`, `unit_flags`, `dynamicflags`, `walkmode`) VALUES (254601, 35232, 654, 4755, 4757, 1, 2, 0, 0, -1715.44, 1359.48, 19.9228, 5.21853, 90, 0, 0, 55, 0, 0, 0, 0, 0, 0);
INSERT INTO `creature` (`guid`, `id`, `map`, `zone`, `area`, `spawnMask`, `phaseMask`, `modelid`, `equipment_id`, `position_x`, `position_y`, `position_z`, `orientation`, `spawntimesecs`, `spawndist`, `currentwaypoint`, `curhealth`, `curmana`, `MovementType`, `npcflag`, `unit_flags`, `dynamicflags`, `walkmode`) VALUES (254602, 35232, 654, 4755, 4757, 1, 2, 0, 0, -1713.05, 1434.03, 21.669, 1.72407, 90, 0, 0, 55, 0, 0, 0, 0, 0, 0);
INSERT INTO `creature` (`guid`, `id`, `map`, `zone`, `area`, `spawnMask`, `phaseMask`, `modelid`, `equipment_id`, `position_x`, `position_y`, `position_z`, `orientation`, `spawntimesecs`, `spawndist`, `currentwaypoint`, `curhealth`, `curmana`, `MovementType`, `npcflag`, `unit_flags`, `dynamicflags`, `walkmode`) VALUES (254603, 35232, 654, 4755, 4757, 1, 2, 0, 0, -1702.81, 1386.32, 21.752, 4.86947, 90, 0, 0, 55, 0, 0, 0, 0, 0, 0);
INSERT INTO `creature` (`guid`, `id`, `map`, `zone`, `area`, `spawnMask`, `phaseMask`, `modelid`, `equipment_id`, `position_x`, `position_y`, `position_z`, `orientation`, `spawntimesecs`, `spawndist`, `currentwaypoint`, `curhealth`, `curmana`, `MovementType`, `npcflag`, `unit_flags`, `dynamicflags`, `walkmode`) VALUES (255444, 35232, 654, 4755, 4757, 1, 2, 0, 0, -1735.42, 1417.98, 21.669, 2.79169, 90, 0, 0, 55, 0, 0, 0, 0, 0, 0);
INSERT INTO `creature` (`guid`, `id`, `map`, `zone`, `area`, `spawnMask`, `phaseMask`, `modelid`, `equipment_id`, `position_x`, `position_y`, `position_z`, `orientation`, `spawntimesecs`, `spawndist`, `currentwaypoint`, `curhealth`, `curmana`, `MovementType`, `npcflag`, `unit_flags`, `dynamicflags`, `walkmode`) VALUES (255443, 35232, 654, 4755, 4757, 1, 2, 0, 0, -1685.98, 1409.07, 21.752, 4.64258, 90, 0, 0, 55, 0, 0, 0, 0, 0, 0);
INSERT INTO `creature` (`guid`, `id`, `map`, `zone`, `area`, `spawnMask`, `phaseMask`, `modelid`, `equipment_id`, `position_x`, `position_y`, `position_z`, `orientation`, `spawntimesecs`, `spawndist`, `currentwaypoint`, `curhealth`, `curmana`, `MovementType`, `npcflag`, `unit_flags`, `dynamicflags`, `walkmode`) VALUES (255442, 35232, 654, 4755, 4757, 1, 2, 0, 0, -1700.06, 1425.34, 21.7936, 3.55362, 90, 0, 0, 55, 0, 0, 0, 0, 0, 0);
INSERT INTO `creature` (`guid`, `id`, `map`, `zone`, `area`, `spawnMask`, `phaseMask`, `modelid`, `equipment_id`, `position_x`, `position_y`, `position_z`, `orientation`, `spawntimesecs`, `spawndist`, `currentwaypoint`, `curhealth`, `curmana`, `MovementType`, `npcflag`, `unit_flags`, `dynamicflags`, `walkmode`) VALUES (255441, 35232, 654, 4755, 4757, 1, 2, 0, 0, -1719.8, 1403.73, 21.752, 1.46608, 90, 0, 0, 55, 0, 0, 0, 0, 0, 0);
INSERT INTO `creature` (`guid`, `id`, `map`, `zone`, `area`, `spawnMask`, `phaseMask`, `modelid`, `equipment_id`, `position_x`, `position_y`, `position_z`, `orientation`, `spawntimesecs`, `spawndist`, `currentwaypoint`, `curhealth`, `curmana`, `MovementType`, `npcflag`, `unit_flags`, `dynamicflags`, `walkmode`) VALUES (255440, 35232, 654, 4755, 4757, 1, 2, 0, 0, -1758.18, 1394.73, 19.8327, 2.54515, 90, 0, 0, 55, 0, 0, 0, 0, 0, 0);
INSERT INTO `creature` (`guid`, `id`, `map`, `zone`, `area`, `spawnMask`, `phaseMask`, `modelid`, `equipment_id`, `position_x`, `position_y`, `position_z`, `orientation`, `spawntimesecs`, `spawndist`, `currentwaypoint`, `curhealth`, `curmana`, `MovementType`, `npcflag`, `unit_flags`, `dynamicflags`, `walkmode`) VALUES (255439, 35232, 654, 4755, 4757, 1, 2, 0, 0, -1701.85, 1405.34, 21.7936, 2.65084, 90, 0, 0, 55, 0, 0, 0, 0, 0, 0);
INSERT INTO `creature` (`guid`, `id`, `map`, `zone`, `area`, `spawnMask`, `phaseMask`, `modelid`, `equipment_id`, `position_x`, `position_y`, `position_z`, `orientation`, `spawntimesecs`, `spawndist`, `currentwaypoint`, `curhealth`, `curmana`, `MovementType`, `npcflag`, `unit_flags`, `dynamicflags`, `walkmode`) VALUES (255438, 35232, 654, 4755, 4757, 1, 2, 0, 0, -1737.24, 1392.14, 19.9722, 0.837758, 90, 0, 0, 55, 0, 0, 0, 0, 0, 0);
INSERT INTO `creature` (`guid`, `id`, `map`, `zone`, `area`, `spawnMask`, `phaseMask`, `modelid`, `equipment_id`, `position_x`, `position_y`, `position_z`, `orientation`, `spawntimesecs`, `spawndist`, `currentwaypoint`, `curhealth`, `curmana`, `MovementType`, `npcflag`, `unit_flags`, `dynamicflags`, `walkmode`) VALUES (255437, 35232, 654, 4755, 4757, 1, 2, 0, 0, -1729.49, 1384.93, 20.0685, 0.610865, 90, 0, 0, 55, 0, 0, 0, 0, 0, 0);
